{"name":"Krysis Guard","targetUrl":"http://krysisgaurd.com","counter":false,"width":1280,"height":800,"showMenuBar":false,"fastQuit":false,"userAgent":"Mozilla/5.0 (Windows NT 10.0; Win64; x64) AppleWebKit/537.36 (KHTML, like Gecko) Chrome/58.0.3029.110 Safari/537.36","nativefierVersion":"7.5.4","ignoreCertificate":false,"ignoreGpuBlacklist":false,"enableEs3Apis":false,"insecure":false,"flashPluginDir":null,"diskCacheSize":null,"fullScreen":false,"maximize":false,"disableContextMenu":true,"disableDevTools":true,"zoom":1,"internalUrls":null,"singleInstance":true,"win32metadata":{"ProductName":"Krysis Guard","InternalName":"Krysis Guard","FileDescription":"Krysis Guard"},"tray":false,"basicAuthUsername":null,"basicAuthPassword":null}